
{
    "requests": 140,
    "bandwidth": 83458,
    "cacheHitRate": 42.857142857142854,
    "originLatency": 451.75,
    "availability": 81.39423076923077
}
